,upstream_bodyId,downstream_bodyId,upstream_roi,downstream_roi,ux,uy,uz,dx,dy,dz,upstream_confidence,downstream_confidence
0,5813078552,954730964,PED(R),PED(R),13380,27959,17997,13388,27952,18002,0.976,0.78312
1,5813078552,940425171,aL(R),aL(R),16046,28929,5893,16059,28946,5892,0.813,0.293833
2,5813078552,940425171,aL(R),aL(R),17950,28208,6394,17973,28213,6408,0.958,0.680704
3,5813078552,940425171,bL(R),bL(R),21540,28647,21040,21530,28647,21026,0.946,0.998965
4,5813078552,940075056,aL(R),aL(R),15014,31123,17645,14998,31134,17664,0.952,0.951359
5,5813078552,939738399,aL(R),aL(R),16200,29310,6118,16213,29314,6123,0.997,0.749173
6,5813078552,939738376,bL(R),bL(R),20766,30617,21020,20764,30628,21008,0.845,0.997905
7,5813078552,939738376,aL(R),aL(R),16003,27912,11236,16014,27933,11243,0.963,0.681995
8,5813078552,939734266,aL(R),aL(R),15624,28338,10323,15640,28343,10327,0.98,0.755534
9,5813078552,939734122,bL(R),bL(R),23623,28219,20277,23633,28220,20308,0.971,0.372231
10,5813078552,923359312,bL(R),bL(R),15972,32714,20573,15980,32705,20569,0.879,0.983226
11,5813078552,910412830,aL(R),aL(R),16200,29310,6118,16165,29297,6123,0.997,0.296238
12,5813078552,910063307,bL(R),bL(R),17488,31631,20699,17500,31668,20701,0.969,0.430641
13,5813078552,893347461,CA(R),CA(R),13899,11641,11428,13904,11674,11415,0.996,0.606195
14,5813078552,891629070,bL(R),bL(R),23444,28340,20331,23447,28348,20312,0.92,0.996942
15,5813078552,891301315,CA(R),CA(R),13701,12302,11327,13686,12295,11322,0.878,0.798081
16,5813078552,880409455,bL(R),bL(R),22908,29221,20565,22897,29206,20579,0.879,0.828624
17,5813078552,880055173,aL(R),aL(R),15875,28653,5961,15868,28630,5972,0.945,0.986637
18,5813078552,878333333,CA(R),CA(R),14499,11214,12884,14504,11202,12881,0.852,0.947654
19,5813078552,861285145,bL(R),bL(R),16155,30518,19989,16169,30514,19992,0.916,0.999975
20,5813078552,849370246,aL(R),aL(R),15998,28916,5900,15989,28904,5905,0.999,0.787419
21,5813078552,849370246,bL(R),bL(R),15072,31913,20332,15084,31923,20338,0.973,0.9956
22,5813078552,847989021,bL(R),bL(R),22383,30126,20156,22392,30128,20142,0.9,0.999991
23,5813078552,847293869,bL(R),bL(R),22939,28827,20638,22943,28821,20615,0.894,0.603589
24,5813078552,846620223,bL(R),bL(R),15319,31145,20657,15334,31149,20669,0.98,0.988613
25,5813078552,846620223,aL(R),aL(R),16864,29559,5813,16867,29563,5831,0.989,0.828451
26,5813078552,829235909,aL(R),aL(R),16188,30116,14117,16205,30122,14121,0.989,0.516173
27,5813078552,829235909,SIP(R),SIP(R),16581,29110,12235,16583,29126,12229,0.986,0.94717
28,5813078552,829235909,aL(R),aL(R),16481,28501,11838,16499,28500,11825,0.948,0.585808
29,5813078552,817985849,bL(R),bL(R),21443,28815,21039,21443,28838,21051,0.959,0.923432
30,5813078552,817985849,bL(R),bL(R),21365,28918,21040,21382,28891,21046,0.912,0.763261
31,5813078552,815926323,CA(R),CA(R),14592,11097,13053,14576,11085,13046,0.955,0.975788
32,5813078552,800264315,bL(R),bL(R),22084,28340,20471,22079,28327,20491,0.868,0.864347
33,5813078552,800264315,bL(R),bL(R),21540,28647,21040,21567,28646,21047,0.946,0.606645
34,5813078552,799215269,aL(R),aL(R),17721,29313,6694,17725,29292,6707,0.996,0.559699
35,5813078552,768184604,CA(R),CA(R),14642,12241,10102,14642,12258,10092,0.983,0.984844
36,5813078552,766298734,aL(R),aL(R),15162,30617,17395,15160,30603,17399,0.937,0.680767
37,5813078552,766298734,aL(R),aL(R),15108,30657,17484,15121,30659,17498,0.989,0.813761
38,5813078552,754197850,bL(R),bL(R),15319,31145,20657,15326,31149,20641,0.98,0.963616
39,5813078552,754197850,bL(R),bL(R),15167,31426,20533,15187,31432,20538,0.983,0.99277
40,5813078552,754188911,CA(R),CA(R),14499,11214,12884,14513,11210,12864,0.852,0.743976
41,5813078552,736813212,aL(R),aL(R),17038,29794,7002,17049,29810,6988,0.869,0.97598
42,5813078552,736808904,aL(R),aL(R),16125,29440,9813,16099,29437,9815,0.947,0.800464
43,5813078552,736808904,aL(R),aL(R),16114,29403,9644,16105,29401,9646,0.915,0.998186
44,5813078552,736467526,bL(R),bL(R),23289,28367,20386,23296,28393,20374,0.917,0.883285
45,5813078552,735785741,bL(R),bL(R),22862,29533,20397,22844,29540,20403,0.906,0.997435
46,5813078552,735785583,bL(R),bL(R),21533,31136,21147,21540,31118,21123,0.856,0.706689
47,5813078552,735282133,aL(R),aL(R),14368,31274,17915,14374,31297,17903,0.989,0.925847
48,5813078552,735282133,aL(R),aL(R),14379,31248,17875,14367,31259,17867,0.99,0.939317
49,5813078552,733036127,aL(R),aL(R),14979,31147,17603,14970,31159,17598,0.832,0.975444
50,5813078552,733036127,aL(R),aL(R),14603,31062,17803,14572,31055,17799,0.978,0.990631
51,5813078552,733036127,aL(R),aL(R),14379,31199,17988,14397,31211,17994,0.888,0.924163
52,5813078552,733036127,aL(R),aL(R),14368,31274,17915,14355,31257,17903,0.989,0.618564
53,5813078552,733036127,aL(R),aL(R),14379,31248,17875,14357,31257,17886,0.99,0.751519
54,5813078552,733036127,aL(R),aL(R),15162,30617,17395,15166,30610,17382,0.937,0.717814
55,5813078552,733036127,aL(R),aL(R),15285,30534,17278,15289,30544,17272,0.99,0.364046
56,5813078552,733036127,aL(R),aL(R),14120,30757,17734,14094,30754,17723,0.922,0.505907
57,5813078552,733036127,aL(R),aL(R),15760,30992,18116,15746,31002,18111,0.956,0.989511
58,5813078552,733036127,aL(R),aL(R),14148,30906,17720,14133,30908,17727,0.973,0.927017
59,5813078552,733036127,aL(R),aL(R),14567,31113,17771,14544,31116,17768,0.973,0.93064
60,5813078552,733036127,aL(R),aL(R),15658,30199,15796,15668,30181,15805,0.949,0.83519
61,5813078552,723853340,aL(R),aL(R),16138,30886,18801,16131,30852,18795,0.998,0.601589
62,5813078552,723853340,aL(R),aL(R),16168,30790,18812,16159,30778,18807,0.976,0.909772
63,5813078552,723853340,aL(R),aL(R),16308,29857,13368,16295,29870,13383,0.975,0.825896
64,5813078552,723853340,aL(R),aL(R),16461,29621,12855,16455,29615,12873,0.989,0.926362
65,5813078552,723853340,bL(R),bL(R),22970,28617,20614,22966,28632,20627,0.891,0.629843
66,5813078552,723853340,aL(R),aL(R),14859,31022,17842,14852,30996,17848,0.98,0.737014
67,5813078552,723853340,aL(R),aL(R),15658,30199,15796,15646,30200,15805,0.949,0.767055
68,5813078552,707660374,bL(R),bL(R),22489,28567,20338,22510,28539,20334,0.964,0.4584
69,5813078552,707647321,bL(R),bL(R),22862,29533,20397,22868,29517,20384,0.906,0.951283
70,5813078552,707647321,bL(R),bL(R),21232,29099,20798,21214,29093,20806,0.975,0.966082
71,5813078552,707647321,bL(R),bL(R),22033,31391,20544,22013,31364,20557,0.963,0.47584286
72,5813078552,707647321,bL(R),bL(R),21927,31420,20806,21932,31406,20816,0.933,0.597883
73,5813078552,704750766,bL(R),bL(R),24018,28789,20601,24018,28765,20594,0.987,0.428601
74,5813078552,704746457,CA(R),CA(R),14642,12241,10102,14631,12269,10104,0.983,0.408454
75,5813078552,704746449,PED(R),PED(R),13162,20419,16554,13159,20396,16547,0.998,0.484064
76,5813078552,704409742,aL(R),aL(R),16222,27609,6788,16219,27600,6788,0.943,0.99913
77,5813078552,704409534,bL(R),bL(R),20120,29791,20217,20120,29766,20209,0.873,0.803716
78,5813078552,692110379,aL(R),aL(R),15790,30181,15831,15807,30180,15814,0.956,0.879818
79,5813078552,692110379,SIP(R),SIP(R),16581,29110,12235,16570,29110,12229,0.986,0.670517
80,5813078552,692110379,aL(R),aL(R),16461,29621,12855,16477,29592,12855,0.989,0.45260578
81,5813078552,662789529,bL(R),bL(R),19621,30246,19964,19624,30259,19966,0.907,0.793881
82,5813078552,662789529,aL(R),aL(R),15878,30893,18405,15869,30893,18402,0.949,0.940004
83,5813078552,662789529,aL(R),aL(R),15602,28416,10307,15596,28424,10302,0.971,0.835618
84,5813078552,662085792,CA(R),CA(R),12208,12901,10231,12208,12919,10241,0.811,0.755145
85,5813078552,661766416,CA(R),CA(R),13701,12302,11327,13716,12301,11307,0.878,0.743408
86,5813078552,643363111,aL(R),aL(R),17224,27156,6285,17211,27167,6247,0.989,0.376751
87,5813078552,642680826,aL(R),aL(R),15925,30900,18341,15931,30893,18316,0.991,0.374991
88,5813078552,642680823,aL(R),aL(R),17224,27156,6285,17225,27167,6274,0.989,0.990156
89,5813078552,642680823,aL(R),aL(R),15536,28753,10402,15514,28753,10416,0.976,0.559971
90,5813078552,642516892,SIP(R),SIP(R),16240,28067,11489,16243,28084,11489,0.84,0.945
91,5813078552,642335553,bL(R),bL(R),18008,31256,20182,17993,31234,20178,0.791,0.905867
92,5813078552,631396453,bL(R),bL(R),24075,29336,20792,24095,29348,20778,0.972,0.372551
93,5813078552,631059587,bL(R),bL(R),22581,28568,20415,22593,28567,20430,0.822,0.986583
94,5813078552,631051012,aL(R),aL(R),16200,29310,6118,16199,29329,6085,0.997,0.541767
95,5813078552,630722941,CA(R),CA(R),14239,13181,11010,14227,13203,11021,0.999,0.870676
96,5813078552,630722830,bL(R),bL(R),21403,29033,20831,21399,29042,20842,0.887,0.873115
97,5813078552,630381662,bL(R),bL(R),22970,28617,20614,22995,28611,20627,0.891,0.769703
98,5813078552,630373497,bL(R),bL(R),21888,31116,19948,21897,31120,19932,0.885,0.821953
99,5813078552,630373497,aL(R),aL(R),15350,30489,17329,15350,30489,17368,0.983,0.639566
100,5813078552,612668833,aL(R),aL(R),14478,31122,17879,14467,31118,17885,0.953,0.680168
101,5813078552,612668833,PED(R),PED(R),13060,22193,16945,13056,22184,16953,0.993,0.759621
102,5813078552,612668833,PED(R),PED(R),13054,22139,16920,13043,22136,16929,0.975,0.999656
103,5813078552,612638791,bL(R),bL(R),22489,28567,20338,22503,28572,20324,0.964,0.911877
104,5813078552,612638791,bL(R),bL(R),20949,29279,20277,20964,29287,20283,0.839,0.82026
105,5813078552,612638791,bL(R),bL(R),20644,29389,20298,20653,29394,20282,0.981,0.916789
106,5813078552,611646147,aL(R),aL(R),14148,30906,17720,14148,30928,17708,0.973,0.327023
107,5813078552,611646132,aL(R),aL(R),15915,27822,6015,15917,27822,6030,0.918,0.940995
108,5813078552,611304789,PED(R),PED(R),13073,26984,17862,13085,26977,17855,0.988,0.871002
109,5813078552,611304789,aL(R),aL(R),15922,30839,18421,15918,30826,18413,0.995,0.994432
110,5813078552,611304789,bL(R),bL(R),22677,29915,20242,22669,29923,20267,0.921,0.741482
111,5813078552,611304789,aL(R),aL(R),14107,30678,17732,14110,30675,17719,0.868,0.982106
112,5813078552,611304789,PED(R),PED(R),13120,27124,17948,13130,27128,17920,0.997,0.641683
113,5813078552,603422422,bL(R),bL(R),16405,32538,21360,16414,32538,21347,0.899,0.70266
114,5813078552,603422422,aL(R),aL(R),15799,30118,15724,15797,30139,15738,0.825,0.924174
115,5813078552,603422422,aL(R),aL(R),15697,30207,15729,15700,30210,15718,0.983,0.987743
116,5813078552,599674785,PED(R),PED(R),13363,19049,16459,13360,19048,16466,0.979,0.838346
117,5813078552,599674785,PED(R),PED(R),13315,19459,16478,13330,19443,16487,0.982,0.984069
118,5813078552,5901210195,aL(R),aL(R),15014,31123,17645,15024,31119,17664,0.952,0.98926
119,5813078552,582139830,bL(R),bL(R),22581,28568,20415,22582,28574,20389,0.822,0.878896
120,5813078552,582139830,bL(R),bL(R),22762,28546,20378,22743,28544,20359,0.952,0.861172
121,5813078552,5813114700,aL(R),aL(R),14979,31147,17603,14979,31174,17598,0.832,0.80372
122,5813078552,5813110238,bL(R),bL(R),23289,28367,20386,23280,28364,20374,0.917,0.999716
123,5813078552,5813110238,PED(R),PED(R),13076,21824,16802,13064,21824,16828,0.992,0.69413
124,5813078552,5813109913,bL(R),bL(R),16000,32801,20607,16012,32813,20609,0.996,0.938636
125,5813078552,5813106497,bL(R),bL(R),23289,28367,20386,23314,28382,20374,0.917,0.825231
126,5813078552,5813106497,bL(R),bL(R),23444,28340,20331,23426,28344,20312,0.92,0.976851
127,5813078552,5813105172,aL(R),aL(R),14974,30849,17623,14990,30850,17613,0.97,0.954132
128,5813078552,5813105172,PED(R),PED(R),13087,26915,17966,13102,26923,17969,0.993,0.968919
129,5813078552,5813105172,aL(R),aL(R),16312,29869,13543,16305,29869,13553,0.988,0.974615
130,5813078552,5813105172,bL(R),bL(R),21443,28815,21039,21422,28812,21039,0.959,0.984886
131,5813078552,5813105172,aL(R),aL(R),16200,29310,6118,16192,29295,6123,0.997,0.901138
132,5813078552,5813105172,aL(R),aL(R),17617,27544,6545,17627,27533,6540,0.953,0.891559
133,5813078552,5813105172,aL(R),aL(R),16222,27609,6788,16218,27609,6779,0.943,0.999591
134,5813078552,5813105172,bL(R),bL(R),15626,32715,20279,15634,32694,20270,0.996,0.929632
135,5813078552,5813105172,PED(R),PED(R),13341,27795,17935,13330,27783,17946,0.997,0.99742
136,5813078552,5813105172,bL(R),bL(R),22862,29533,20397,22862,29542,20384,0.906,0.99977
137,5813078552,5813105172,aL(R),aL(R),16451,29507,12622,16449,29482,12617,0.988,0.921812
138,5813078552,5813105172,aL(R),aL(R),16285,27634,6759,16252,27621,6755,0.991,0.331354
139,5813078552,5813105172,aL(R),aL(R),16180,27845,6804,16193,27859,6793,0.951,0.803898
140,5813078552,5813105172,bL(R),bL(R),22948,29615,20448,22952,29612,20428,0.976,0.999541
141,5813078552,5813105172,bL(R),bL(R),19171,30590,20007,19162,30572,20018,0.955,0.585052
142,5813078552,5813105172,bL(R),bL(R),19184,30582,20007,19185,30579,20021,0.836,0.999455
143,5813078552,5813105172,aL(R),aL(R),16068,27861,6866,16072,27866,6882,0.997,0.998643
144,5813078552,5813105172,aL(R),aL(R),14379,31248,17875,14364,31246,17867,0.99,0.911261
145,5813078552,5813105172,PED(R),PED(R),13130,20736,16571,13117,20717,16569,0.996,0.84264
146,5813078552,5813105172,aL(R),aL(R),16254,29966,13601,16241,29954,13612,0.982,0.973458
147,5813078552,5813105172,aL(R),aL(R),15285,30534,17278,15278,30528,17261,0.99,0.890731
148,5813078552,5813105172,aL(R),aL(R),15350,30489,17329,15346,30475,17336,0.983,0.995179
149,5813078552,5813105172,bL(R),bL(R),22970,28617,20614,22963,28612,20623,0.891,0.999765
150,5813078552,5813105172,bL(R),bL(R),21242,29051,20642,21227,29056,20636,0.98,0.915182
151,5813078552,5813105172,bL(R),bL(R),23623,28219,20277,23615,28208,20269,0.971,0.926988
152,5813078552,5813105172,PED(R),PED(R),13162,20419,16554,13148,20430,16542,0.998,0.839542
153,5813078552,5813105172,aL(R),aL(R),15872,29514,10559,15875,29500,10571,0.997,0.989923
154,5813078552,5813105172,bL(R),bL(R),22939,28827,20638,22934,28810,20642,0.894,0.905938
155,5813078552,5813095915,CA(R),CA(R),13899,11641,11428,13917,11637,11426,0.996,0.664379
156,5813078552,5813093171,bL(R),bL(R),23289,28367,20386,23301,28360,20374,0.917,0.999886
157,5813078552,5813088767,PED(R),PED(R),13122,25928,17907,13112,25928,17897,0.951,0.856079
158,5813078552,5813088767,bL(R),bL(R),20120,29791,20217,20131,29780,20209,0.873,0.99886
159,5813078552,5813088767,PED(R),PED(R),13096,24866,17680,13080,24872,17667,0.987,0.917549
160,5813078552,5813088767,PED(R),PED(R),13081,25032,17720,13074,25032,17706,0.987,0.907426
161,5813078552,5813088767,aL(R),aL(R),14368,31274,17915,14360,31292,17912,0.989,0.93486
162,5813078552,5813088767,PED(R),PED(R),13128,26441,17978,13115,26450,17989,0.977,0.794643
163,5813078552,5813088058,aL(R),aL(R),15285,30534,17278,15274,30540,17272,0.99,0.990494
164,5813078552,5813088058,bL(R),bL(R),15167,31426,20533,15159,31412,20524,0.983,0.980395
165,5813078552,5813078053,bL(R),bL(R),22105,30833,20037,22112,30844,20016,0.951,0.725027
166,5813078552,5813077616,aL(R),aL(R),15658,30199,15796,15645,30177,15803,0.949,0.740971
167,5813078552,5813075020,CA(R),CA(R),12208,12901,10231,12224,12906,10225,0.811,0.674662
168,5813078552,5813069114,bL(R),bL(R),23444,28340,20331,23447,28355,20330,0.92,0.971716
169,5813078552,5813068729,aL(R),aL(R),16864,29559,5813,16856,29569,5817,0.989,0.995009
170,5813078552,5813068729,aL(R),aL(R),17988,29011,6446,17994,29030,6463,0.977,0.945717
171,5813078552,5813068729,aL(R),aL(R),16062,27475,5862,16048,27472,5855,0.997,0.994225
172,5813078552,5813068729,aL(R),aL(R),16234,27320,5792,16220,27316,5795,0.989,0.822004
173,5813078552,5813068729,aL(R),aL(R),16132,29647,7074,16131,29636,7061,0.983,0.924729
174,5813078552,5813068729,aL(R),aL(R),15874,28635,5918,15877,28634,5903,0.801,0.93771
175,5813078552,5813068729,aL(R),aL(R),16068,27861,6866,16046,27871,6867,0.997,0.990244
176,5813078552,5813068729,aL(R),aL(R),16841,29863,7100,16862,29864,7100,0.996,0.566133
177,5813078552,5813068729,aL(R),aL(R),15789,29741,7365,15773,29750,7372,0.99,0.998836
178,5813078552,5813068729,aL(R),aL(R),17224,27156,6285,17204,27182,6274,0.989,0.748826
179,5813078552,5813068729,aL(R),aL(R),16180,27845,6804,16201,27845,6793,0.951,0.707981
180,5813078552,5813068729,aL(R),aL(R),15915,27822,6015,15922,27826,6014,0.918,0.995379
181,5813078552,5813068729,aL(R),aL(R),15709,29643,7433,15699,29649,7422,0.991,0.863614
182,5813078552,5813063229,PED(R),PED(R),13087,24718,17687,13079,24717,17695,0.976,0.816995
183,5813078552,5813063229,PED(R),PED(R),13110,25413,17845,13118,25410,17854,0.997,0.782108
184,5813078552,5813063229,aL(R),aL(R),14379,31199,17988,14367,31173,18008,0.888,0.539662
185,5813078552,5813063229,aL(R),aL(R),18081,28815,6372,18085,28831,6357,0.965,0.701616
186,5813078552,5813063229,PED(R),PED(R),13088,26622,18010,13095,26614,18013,0.99,0.412203
187,5813078552,5813063229,PED(R),PED(R),13031,24137,17565,13013,24136,17573,0.974,0.931291
188,5813078552,5813062862,CA(R),CA(R),13899,11641,11428,13925,11649,11426,0.996,0.593674
189,5813078552,5813062850,aL(R),aL(R),15845,29527,10502,15844,29537,10494,0.986,0.995091
190,5813078552,5813062850,aL(R),aL(R),16114,29403,9644,16120,29393,9646,0.915,0.977919
191,5813078552,5813062850,aL(R),aL(R),15709,29643,7433,15718,29625,7422,0.991,0.420787
192,5813078552,5813057187,bL(R),bL(R),21092,29192,20423,21107,29180,20407,0.873,0.866714
193,5813078552,5813057187,aL(R),aL(R),16234,27320,5792,16241,27320,5780,0.989,0.75603
194,5813078552,5813056355,aL(R),aL(R),16841,29863,7100,16848,29881,7105,0.996,0.652296
195,5813078552,5813056299,CA(R),CA(R),13701,12302,11327,13716,12314,11338,0.878,0.627085
196,5813078552,5813055914,PED(R),PED(R),13073,26984,17862,13079,27000,17855,0.988,0.986683
197,5813078552,5813055914,aL(R),aL(R),14979,31147,17603,14979,31127,17598,0.832,0.765977
198,5813078552,5813055914,bL(R),bL(R),16594,32325,21491,16597,32336,21496,0.907,0.978446
199,5813078552,5813055914,aL(R),aL(R),15014,31123,17645,15014,31110,17632,0.952,0.997213
200,5813078552,5813055914,aL(R),b'L(R),15607,30996,17631,15620,31002,17634,0.881,0.998544
201,5813078552,5813055889,bL(R),bL(R),22908,29221,20565,22912,29226,20579,0.879,0.894277
202,5813078552,5813054343,bL(R),bL(R),22237,30574,20116,22244,30571,20131,0.973,0.742746
203,5813078552,5813054342,bL(R),bL(R),22033,31391,20544,22014,31390,20514,0.963,0.45611495
204,5813078552,5813047220,aL(R),aL(R),15760,30992,18116,15749,30990,18125,0.956,0.92155
205,5813078552,5813042659,CA(R),CA(R),14316,13894,11082,14309,13909,11084,0.934,0.702902
206,5813078552,5813041206,CA(R),CA(R),14499,11214,12884,14500,11238,12881,0.852,0.774079
207,5813078552,5813033009,bL(R),bL(R),22939,28827,20638,22908,28847,20642,0.894,0.636847
208,5813078552,5813032782,CA(R),CA(R),12208,12901,10231,12228,12890,10225,0.811,0.483799
209,5813078552,5813022896,bL(R),bL(R),15072,31913,20332,15046,31921,20338,0.973,0.955336
210,5813078552,5813022341,bL(R),bL(R),22581,28568,20415,22576,28584,20412,0.822,0.935511
211,5813078552,5813022341,bL(R),bL(R),22105,30833,20037,22119,30846,20050,0.951,0.867161
212,5813078552,5813022341,bL(R),bL(R),22237,30574,20116,22248,30558,20106,0.973,0.961586
213,5813078552,5813022341,bL(R),bL(R),22489,28567,20338,22483,28588,20349,0.964,0.807194
214,5813078552,5813022341,bL(R),bL(R),20584,29778,20651,20588,29780,20638,0.836,0.980902
215,5813078552,5813022341,bL(R),bL(R),22862,29533,20397,22849,29529,20384,0.906,0.984943
216,5813078552,5813022341,bL(R),bL(R),20670,30330,20925,20669,30357,20920,0.951,0.840498
217,5813078552,5813022341,bL(R),bL(R),24079,29190,20815,24089,29180,20825,0.996,0.976186
218,5813078552,5813022341,bL(R),bL(R),20766,30617,21020,20756,30618,21032,0.845,0.996139
219,5813078552,5813022341,bL(R),bL(R),22033,31391,20544,22060,31381,20542,0.963,0.87121
220,5813078552,5813022341,bL(R),bL(R),21403,29033,20831,21414,29022,20842,0.887,0.81614
221,5813078552,5813022341,bL(R),bL(R),22034,31352,20264,22053,31349,20257,0.926,0.949807
222,5813078552,5813022341,bL(R),bL(R),21365,28918,21040,21359,28910,21046,0.912,0.73619
223,5813078552,5813022341,bL(R),bL(R),22677,29915,20242,22643,29928,20251,0.921,0.389401
224,5813078552,5813022054,bL(R),bL(R),17324,31707,20844,17319,31718,20848,0.964,0.971778
225,5813078552,5813021788,bL(R),bL(R),21927,31420,20806,21912,31420,20816,0.933,0.987419
226,5813078552,5813021464,bL(R),bL(R),22169,30531,20118,22193,30536,20129,0.99,0.396158
227,5813078552,5813021464,bL(R),bL(R),22237,30574,20116,22228,30569,20131,0.973,0.947147
228,5813078552,5813021464,aL(R),aL(R),15540,28773,10354,15558,28777,10358,0.962,0.839751
229,5813078552,5813021441,CA(R),CA(R),12269,12649,10316,12276,12638,10341,0.968,0.289862
230,5813078552,5813021401,aL(R),aL(R),18159,28967,6189,18174,28945,6190,0.937,0.496744
231,5813078552,5813021386,bL(R),bL(R),15479,30826,20580,15468,30807,20576,0.98,0.9972
232,5813078552,5813021386,bL(R),bL(R),16236,30521,19835,16247,30503,19839,0.982,0.897013
233,5813078552,5813021386,bL(R),bL(R),16155,30518,19989,16153,30506,19992,0.916,0.999987
234,5813078552,5813021386,bL(R),bL(R),15680,30679,20443,15671,30672,20437,0.974,0.355943
235,5813078552,5813021319,aL(R),aL(R),16130,29069,6033,16144,29079,6034,0.89,0.748424
236,5813078552,5813021291,CA(R),CA(R),14642,12241,10102,14642,12265,10104,0.983,0.971496
237,5813078552,5813021263,bL(R),bL(R),18008,31256,20182,18018,31267,20169,0.791,0.928406
238,5813078552,5813021033,aL(R),aL(R),14280,31073,17749,14271,31093,17740,0.954,0.682032
239,5813078552,5813020828,aL(R),aL(R),16312,29869,13543,16317,29871,13568,0.988,0.408554
240,5813078552,5813020828,aL(R),aL(R),15540,28773,10354,15540,28783,10343,0.962,0.934317
241,5813078552,5813020828,aL(R),aL(R),15729,29334,10557,15706,29333,10540,0.992,0.750985
242,5813078552,5813020828,aL(R),aL(R),16003,27912,11236,16006,27911,11257,0.963,0.931696
243,5813078552,5813020828,aL(R),aL(R),15748,27949,10540,15766,27949,10534,0.981,0.812668
244,5813078552,5813020828,aL(R),aL(R),16469,29489,12530,16467,29498,12521,0.98,0.797804
245,5813078552,5813020828,aL(R),aL(R),15624,28338,10323,15622,28339,10302,0.98,0.999897
246,5813078552,5813020828,aL(R),aL(R),15602,28416,10307,15612,28421,10302,0.971,0.742956
247,5813078552,5813020828,aL(R),aL(R),16461,29621,12855,16454,29606,12855,0.989,0.752607
248,5813078552,5813020828,aL(R),aL(R),16254,29966,13601,16245,29958,13588,0.982,0.991882
249,5813078552,5813020828,aL(R),aL(R),16527,28694,12034,16510,28687,12020,0.994,0.839131
250,5813078552,5813020828,aL(R),aL(R),15536,28753,10402,15530,28756,10414,0.976,0.983813
251,5813078552,5813020828,aL(R),aL(R),15845,29527,10502,15831,29523,10494,0.986,0.954655
252,5813078552,5813020828,aL(R),aL(R),15872,29514,10559,15871,29518,10571,0.997,0.995509
253,5813078552,5813019763,aL(R),aL(R),15564,30296,17026,15576,30280,17023,0.897,0.488077
254,5813078552,5813019609,aL(R),aL(R),15760,30992,18116,15751,30974,18111,0.956,0.733246
255,5813078552,5813019513,aL(R),aL(R),16469,29489,12530,16462,29478,12512,0.98,0.575636
256,5813078552,5813019513,aL(R),aL(R),16527,28694,12034,16512,28686,12041,0.994,0.965596
257,5813078552,5813019513,aL(R),aL(R),16407,28303,11629,16402,28311,11638,0.992,0.999983
258,5813078552,5812983837,aL(R),aL(R),15136,31184,17568,15149,31191,17559,0.807,0.917794
259,5813078552,5812983576,CA(R),CA(R),14592,11097,13053,14592,11080,13046,0.955,0.945888
260,5813078552,5812983345,bL(R),bL(R),16212,32745,21014,16225,32752,21021,0.777,0.987701
261,5813078552,5812983319,CA(R),CA(R),14592,11097,13053,14620,11076,13057,0.955,0.64221
262,5813078552,5812983303,aL(R),aL(R),14379,31199,17988,14394,31194,18008,0.888,0.898223
263,5813078552,5812983213,aL(R),aL(R),15729,29334,10557,15725,29327,10562,0.992,0.327379
264,5813078552,5812983028,bL(R),bL(R),16144,32683,20822,16131,32685,20813,0.731,0.617798
265,5813078552,5812983012,aL(R),aL(R),16132,29647,7074,16132,29637,7095,0.983,0.347904
266,5813078552,5812982802,bL(R),bL(R),23203,28475,20522,23204,28489,20522,0.915,0.993338
267,5813078552,5812982802,aL(R),aL(R),18048,28377,6323,18044,28378,6314,0.978,0.735723
268,5813078552,5812982802,bL(R),bL(R),15680,30679,20443,15680,30691,20437,0.974,0.464423
269,5813078552,5812982782,CA(R),CA(R),13933,11346,12766,13956,11351,12779,0.963,0.682582
270,5813078552,5812982780,bL(R),bL(R),20584,29778,20651,20563,29795,20647,0.836,0.742736
271,5813078552,5812982514,bL(R),bL(R),20584,29778,20651,20601,29769,20659,0.836,0.856863
272,5813078552,5812982466,bL(R),bL(R),21092,29192,20423,21083,29172,20420,0.873,0.986819
273,5813078552,5812982192,bL(R),bL(R),22939,28827,20638,22938,28829,20666,0.894,0.431921
274,5813078552,5812981971,bL(R),bL(R),23203,28475,20522,23209,28482,20506,0.915,0.87653
275,5813078552,5812981971,aL(R),aL(R),16200,29310,6118,16184,29321,6123,0.997,0.923001
276,5813078552,5812981680,aL(R),aL(R),15998,30214,15034,15997,30232,15034,0.902,0.797453
277,5813078552,5812981680,aL(R),aL(R),15748,27949,10540,15750,27936,10553,0.981,0.385144
278,5813078552,5812981676,PED(R),PED(R),13128,21016,16664,13140,21033,16660,0.963,0.944855
279,5813078552,5812981676,PED(R),PED(R),13127,21544,16737,13150,21538,16719,0.992,0.98243
280,5813078552,5812981676,PED(R),PED(R),13336,27471,18050,13336,27450,18047,0.977,0.897729
281,5813078552,5812981676,PED(R),PED(R),13076,21824,16802,13083,21817,16809,0.992,0.937409
282,5813078552,5812981676,PED(R),PED(R),13060,22193,16945,13072,22187,16953,0.993,0.786693
283,5813078552,5812981676,PED(R),PED(R),13054,22139,16920,13070,22135,16929,0.975,0.986602
284,5813078552,5812981676,PED(R),PED(R),13130,20736,16571,13127,20706,16569,0.996,0.633463
285,5813078552,5812981673,bL(R),bL(R),18113,31184,20137,18125,31197,20131,0.834,0.972844
286,5813078552,5812981673,aL(R),aL(R),15615,30222,16594,15635,30205,16611,0.99,0.891425
287,5813078552,5812981670,PED(R),PED(R),13315,19459,16478,13309,19463,16485,0.982,0.995388
288,5813078552,5812981670,aL(R),aL(R),16481,28501,11838,16462,28497,11825,0.948,0.799455
289,5813078552,5812981670,SIP(R),SIP(R),16240,28067,11489,16238,28069,11497,0.84,0.99
290,5813078552,5812981618,aL(R),aL(R),17038,29794,7002,17033,29786,7012,0.869,0.737023
291,5813078552,5812981618,aL(R),aL(R),16841,29863,7100,16863,29860,7113,0.996,0.740985
292,5813078552,5812981607,bL(R),bL(R),21131,30930,21122,21142,30920,21138,0.812,0.992996
293,5813078552,5812981607,bL(R),bL(R),21533,31136,21147,21533,31136,21158,0.856,0.999999
294,5813078552,5812981379,PED(R),PED(R),13363,19049,16459,13357,19051,16454,0.979,0.792438
295,5813078552,5812981379,aL(R),aL(R),14454,31127,17783,14457,31132,17778,0.971,0.617211
296,5813078552,5812981379,PED(R),PED(R),13061,23690,17383,13065,23690,17372,0.999,0.801591
297,5813078552,5812981318,CA(R),CA(R),14592,11097,13053,14569,11112,13057,0.955,0.716707
298,5813078552,5812981086,aL(R),aL(R),16410,29913,7033,16407,29911,7014,0.94,0.926139
299,5813078552,5812981086,aL(R),aL(R),17950,28208,6394,17924,28208,6385,0.958,0.782059
300,5813078552,5812981086,bL(R),bL(R),15051,32111,20092,15056,32085,20103,0.954,0.89631
301,5813078552,5812980947,aL(R),aL(R),15874,28635,5918,15867,28620,5913,0.801,0.993452
302,5813078552,5812980931,aL(R),aL(R),16907,27087,6461,16887,27077,6455,0.994,0.900005
303,5813078552,5812980931,bL(R),bL(R),24133,28208,20313,24125,28200,20329,0.95,0.93468
304,5813078552,5812980811,aL(R),aL(R),17554,27492,6578,17536,27470,6584,0.989,0.289288
305,5813078552,5812980792,bL(R),bL(R),17488,31631,20699,17504,31624,20701,0.969,0.705317
306,5813078552,5812980792,bL(R),bL(R),17576,31556,20538,17592,31563,20547,0.979,0.919584
307,5813078552,5812980792,bL(R),bL(R),16230,32699,20961,16240,32688,20952,0.715,0.939795
308,5813078552,5812980768,bL(R),bL(R),21365,28918,21040,21376,28926,21046,0.912,0.832973
309,5813078552,5812980618,aL(R),aL(R),15875,28653,5961,15867,28670,5972,0.945,0.992768
310,5813078552,5812980444,aL(R),aL(R),16132,29647,7074,16135,29630,7080,0.983,0.865992
311,5813078552,5812980428,bL(R),bL(R),24079,29190,20815,24075,29184,20825,0.996,0.993146
312,5813078552,5812980426,bL(R),bL(R),21403,29033,20831,21426,29055,20825,0.887,0.676518
313,5813078552,5812980426,aL(R),aL(R),14962,30958,17653,14979,30962,17674,0.726,0.832923
314,5813078552,5812980414,CA(R),CA(R),14499,11214,12884,14525,11228,12881,0.852,0.700109
315,5813078552,5812980408,aL(R),aL(R),13818,30033,17850,13843,30013,17849,0.781,0.627063
316,5813078552,5812980408,aL(R),aL(R),13650,29744,17853,13658,29739,17838,0.95,0.999151
317,5813078552,5812980408,bL(R),bL(R),15319,31145,20657,15311,31181,20669,0.98,0.558727
318,5813078552,5812980408,aL(R),aL(R),13416,29028,17813,13416,29029,17805,0.933,0.976576
319,5813078552,5812980408,PED(R),PED(R),13086,26736,17893,13079,26736,17879,0.9,0.996195
320,5813078552,5812980408,PED(R),PED(R),13096,24866,17680,13110,24881,17667,0.987,0.915187
321,5813078552,5812980408,aL(R),aL(R),14107,30678,17732,14117,30672,17744,0.868,0.869015
322,5813078552,5812980408,aL(R),aL(R),13766,29919,17856,13784,29913,17842,0.917,0.862802
323,5813078552,5812980395,bL(R),bL(R),23605,28304,20333,23612,28321,20341,0.944,0.762459
324,5813078552,5812980378,bL(R),bL(R),15167,31426,20533,15134,31437,20538,0.983,0.433299
325,5813078552,5812980179,PED(R),PED(R),13128,21016,16664,13142,21030,16675,0.963,0.884656
326,5813078552,5812980179,PED(R),PED(R),13127,21544,16737,13144,21537,16739,0.992,0.969754
327,5813078552,5812979069,,CA(R),13885,11311,12658,13899,11324,12665,0.854,0.335809
328,5813078552,578694777,aL(R),aL(R),15878,30893,18405,15870,30872,18402,0.949,0.320534
329,5813078552,578694777,aL(R),aL(R),15285,30534,17278,15287,30567,17275,0.99,0.491289
330,5813078552,569615641,aL(R),aL(R),17224,27156,6285,17197,27159,6274,0.989,0.639771
331,5813078552,551790913,bL(R),bL(R),22084,28340,20471,22070,28335,20470,0.868,0.997813
332,5813078552,549916869,aL(R),aL(R),16130,29069,6033,16145,29064,6034,0.89,0.716894
333,5813078552,549248200,PED(R),PED(R),13120,27124,17948,13119,27110,17920,0.997,0.623433
334,5813078552,548898520,bL(R),bL(R),18755,30726,20032,18745,30706,20045,0.851,0.387588
335,5813078552,519905418,aL(R),aL(R),15564,30296,17026,15549,30309,17023,0.897,0.933488
336,5813078552,519905418,aL(R),aL(R),15998,30214,15034,15985,30223,15034,0.902,0.994922
337,5813078552,519905418,aL(R),aL(R),16108,30174,14475,16097,30178,14473,0.989,0.959045
338,5813078552,519905418,aL(R),aL(R),16254,29966,13601,16235,29984,13588,0.982,0.749348
339,5813078552,519573099,aL(R),aL(R),15925,30900,18341,15932,30869,18333,0.991,0.64551
340,5813078552,519223027,aL(R),aL(R),15799,30118,15724,15818,30114,15738,0.825,0.984105
341,5813078552,518873469,bL(R),bL(R),24018,28789,20601,24030,28800,20594,0.987,0.999758
342,5813078552,518195738,CA(R),CA(R),12269,12649,10316,12296,12653,10302,0.968,0.320521
343,5813078552,517858947,bL(R),bL(R),20670,30330,20925,20667,30330,20941,0.951,0.998579
344,5813078552,517854468,aL(R),aL(R),15748,27949,10540,15752,27952,10553,0.981,0.60927
345,5813078552,513451621,aL(R),aL(R),14979,31147,17603,14967,31142,17598,0.832,0.975873
346,5813078552,488533722,PED(R),PED(R),13374,27570,18047,13381,27577,18054,0.959,0.845655
347,5813078552,488520820,aL(R),aL(R),15014,31123,17645,15033,31115,17646,0.952,0.908294
348,5813078552,488205572,aL(R),aL(R),14962,30958,17653,14973,30957,17642,0.726,0.985955
349,5813078552,488205572,aL(R),aL(R),17950,28208,6394,17971,28218,6385,0.958,0.807674
350,5813078552,488184014,aL(R),aL(R),16068,27861,6866,16040,27851,6867,0.997,0.76935
351,5813078552,488184014,aL(R),aL(R),16285,27634,6759,16300,27637,6755,0.991,0.932896
352,5813078552,488179585,aL(R),aL(R),17988,29011,6446,17994,29020,6446,0.977,0.651373
353,5813078552,488179585,bL(R),bL(R),22762,28546,20378,22780,28531,20377,0.952,0.988518
354,5813078552,487501700,bL(R),bL(R),15728,32777,20480,15715,32785,20488,0.982,0.982765
355,5813078552,487144598,CA(R),CA(R),14592,11097,13053,14600,11098,13046,0.955,0.999969
356,5813078552,487143497,bL(R),bL(R),22383,30126,20156,22366,30121,20142,0.9,0.98922
357,5813078552,487143497,bL(R),bL(R),23203,28475,20522,23219,28479,20544,0.915,0.831809
358,5813078552,487143497,bL(R),bL(R),24122,28352,20299,24127,28374,20291,0.842,0.722664
359,5813078552,487143497,bL(R),bL(R),22489,28567,20338,22489,28580,20334,0.964,0.952369
360,5813078552,487143497,bL(R),bL(R),22251,28476,20316,22239,28488,20311,0.954,0.978288
361,5813078552,487143497,bL(R),bL(R),21540,28647,21040,21545,28650,21026,0.946,0.955803
362,5813078552,487143497,bL(R),bL(R),21092,29192,20423,21075,29191,20420,0.873,0.993396
363,5813078552,487143497,bL(R),bL(R),22677,29915,20242,22663,29907,20251,0.921,0.956078
364,5813078552,482762280,aL(R),aL(R),13818,30033,17850,13837,30016,17865,0.781,0.664444
365,5813078552,482762280,aL(R),aL(R),13650,29744,17853,13656,29743,17867,0.95,0.999952
366,5813078552,482762280,aL(R),aL(R),13416,29028,17813,13409,29029,17821,0.933,0.897922
367,5813078552,482762280,aL(R),aL(R),13405,28927,17849,13395,28931,17851,0.986,0.985285
368,5813078552,482762280,aL(R),aL(R),13527,29466,17858,13541,29465,17849,0.882,0.89723
369,5813078552,482762280,aL(R),aL(R),14107,30678,17732,14122,30681,17719,0.868,0.805327
370,5813078552,482762280,aL(R),aL(R),13766,29919,17856,13770,29927,17873,0.917,0.998082
371,5813078552,480590566,CA(R),CA(R),14239,13181,11010,14231,13190,11021,0.999,0.755665
372,5813078552,480590566,CA(R),CA(R),12269,12649,10316,12269,12622,10302,0.968,0.993785
373,5813078552,456846996,aL(R),aL(R),15760,30992,18116,15747,31006,18094,0.956,0.781164
374,5813078552,456846996,aL(R),aL(R),14454,31127,17783,14459,31119,17778,0.971,0.828289
375,5813078552,456467162,aL(R),aL(R),14148,30906,17720,14140,30881,17708,0.973,0.74283
376,5813078552,456462919,bL(R),bL(R),20670,30330,20925,20684,30306,20941,0.951,0.893273
377,5813078552,456462835,aL(R),aL(R),15136,31184,17568,15131,31198,17577,0.807,0.977293
378,5813078552,456462835,bL(R),bL(R),18755,30726,20032,18756,30728,20045,0.851,0.992786
379,5813078552,456462835,bL(R),bL(R),18528,30919,20126,18522,30917,20137,0.99,0.999016
380,5813078552,456458549,aL(R),aL(R),16062,27475,5862,16033,27487,5871,0.997,0.670398
381,5813078552,456458549,aL(R),aL(R),17721,29313,6694,17738,29322,6707,0.996,0.843794
382,5813078552,456134692,bL(R),bL(R),22908,29221,20565,22921,29228,20566,0.879,0.979563
383,5813078552,456121649,bL(R),bL(R),22489,28567,20338,22487,28567,20324,0.964,0.975979
384,5813078552,456121649,PED(R),PED(R),13162,20419,16554,13174,20418,16547,0.998,0.770579
385,5813078552,456121649,bL(R),bL(R),22034,31352,20264,22039,31326,20257,0.926,0.959801
386,5813078552,455793827,bL(R),bL(R),21927,31420,20806,21920,31413,20792,0.933,0.873764
387,5813078552,426477089,bL(R),bL(R),15051,32111,20092,15069,32114,20082,0.954,0.905692
388,5813078552,426464004,aL(R),aL(R),15540,28773,10354,15527,28781,10343,0.962,0.881336
389,5813078552,426139965,bL(R),bL(R),24122,28352,20299,24122,28337,20294,0.842,0.736113
390,5813078552,425790257,bL(R),bL(R),22581,28568,20415,22607,28579,20412,0.822,0.781195
391,5813078552,425790257,aL(R),aL(R),14962,30958,17653,14985,30950,17659,0.726,0.954211
392,5813078552,425790257,PED(R),PED(R),13087,26915,17966,13108,26901,17969,0.993,0.999759
393,5813078552,425790257,aL(R),aL(R),16312,29869,13543,16301,29858,13536,0.988,0.94883
394,5813078552,425790257,bL(R),bL(R),21443,28815,21039,21435,28824,21051,0.959,0.99499
395,5813078552,425790257,bL(R),bL(R),22169,30531,20118,22165,30531,20129,0.99,0.999906
396,5813078552,425790257,aL(R),aL(R),15782,28201,5837,15781,28227,5836,0.831,0.66961
397,5813078552,425790257,bL(R),bL(R),24075,29336,20792,24061,29334,20778,0.972,0.999768
398,5813078552,425790257,aL(R),aL(R),17617,27544,6545,17630,27557,6540,0.953,0.971542
399,5813078552,425790257,PED(R),PED(R),13341,27795,17935,13340,27797,17946,0.997,0.990341
400,5813078552,425790257,bL(R),bL(R),15656,32754,20343,15672,32751,20344,0.997,0.986627
401,5813078552,425790257,aL(R),aL(R),16410,29913,7033,16417,29929,7030,0.94,0.857786
402,5813078552,425790257,bL(R),bL(R),15626,32715,20279,15639,32713,20270,0.996,0.923561
403,5813078552,425790257,aL(R),aL(R),14974,30849,17623,14999,30859,17613,0.97,0.551087
404,5813078552,425790257,aL(R),aL(R),16222,27609,6788,16232,27625,6788,0.943,0.995015
405,5813078552,425790257,aL(R),aL(R),16074,29420,9338,16086,29432,9341,0.969,0.974079
406,5813078552,425790257,CA(R),CA(R),13933,11346,12766,13944,11342,12779,0.963,0.9234
407,5813078552,425790257,CA(R),CA(R),12208,12901,10231,12218,12899,10241,0.811,0.898989
408,5813078552,425790257,aL(R),aL(R),16285,27634,6759,16288,27619,6755,0.991,0.997834
409,5813078552,425790257,aL(R),aL(R),15729,29334,10557,15712,29320,10562,0.992,0.284696
410,5813078552,425790257,CA(R),CA(R),12269,12649,10316,12276,12637,10315,0.968,0.98914
411,5813078552,425790257,aL(R),aL(R),16138,30886,18801,16141,30871,18820,0.998,0.991962
412,5813078552,425790257,PED(R),PED(R),13043,22940,17204,13047,22939,17216,0.999,0.750046
413,5813078552,425790257,bL(R),bL(R),22948,29615,20448,22949,29613,20465,0.976,0.856442
414,5813078552,425790257,bL(R),bL(R),22087,31201,20097,22078,31201,20122,0.97,0.956467
415,5813078552,425790257,,,13885,11311,12658,13887,11336,12665,0.854,0.902587
416,5813078552,425790257,bL(R),bL(R),24079,29190,20815,24092,29175,20813,0.996,0.944627
417,5813078552,425790257,CA(R),CA(R),13899,11641,11428,13909,11646,11438,0.996,0.778331
418,5813078552,425790257,bL(R),bL(R),21232,29099,20798,21228,29084,20806,0.975,0.987964
419,5813078552,425790257,bL(R),bL(R),20644,29389,20298,20656,29383,20290,0.981,0.80212
420,5813078552,425790257,bL(R),bL(R),19184,30582,20007,19180,30595,20021,0.836,0.691742
421,5813078552,425790257,bL(R),bL(R),19171,30590,20007,19164,30602,20018,0.955,0.926505
422,5813078552,425790257,CA(R),CA(R),14239,13181,11010,14243,13196,11021,0.999,0.4357
423,5813078552,425790257,aL(R),aL(R),15014,31123,17645,15048,31131,17646,0.952,0.373996
424,5813078552,425790257,PED(R),PED(R),12983,23450,17340,12987,23449,17350,0.999,0.999678
425,5813078552,425790257,bL(R),bL(R),21092,29192,20423,21078,29184,20446,0.873,0.92238
426,5813078552,425790257,aL(R),aL(R),15536,28753,10402,15520,28738,10402,0.976,0.86452
427,5813078552,425790257,aL(R),aL(R),15350,30489,17329,15369,30479,17336,0.983,0.988905
428,5813078552,425790257,PED(R),PED(R),13088,26622,18010,13088,26621,18026,0.99,0.918037
429,5813078552,425790257,bL(R),bL(R),20848,29279,20320,20852,29267,20307,0.946,0.79688
430,5813078552,425790257,CA(R),CA(R),14316,13894,11082,14325,13907,11084,0.934,0.692609
431,5813078552,425790257,PED(R),PED(R),13162,20419,16554,13162,20419,16542,0.998,0.947731
432,5813078552,425790257,aL(R),aL(R),16451,29507,12622,16453,29494,12638,0.988,0.995237
433,5813078552,425768768,aL(R),aL(R),16754,29879,7136,16749,29893,7137,0.996,0.644776
434,5813078552,425436170,bL(R),bL(R),16000,32801,20607,15977,32801,20623,0.996,0.619627
435,5813078552,425436170,bL(R),bL(R),16182,32727,20824,16184,32743,20819,0.86,0.856064
436,5813078552,425112506,aL(R),aL(R),16481,28501,11838,16481,28512,11825,0.948,0.880541
437,5813078552,424789697,bL(R),bL(R),20120,29791,20217,20130,29801,20225,0.873,0.99845
438,5813078552,424789697,bL(R),bL(R),22908,29221,20565,22918,29206,20566,0.879,0.875763
439,5813078552,424789697,bL(R),bL(R),21888,31116,19948,21882,31130,19946,0.885,0.987105
440,5813078552,424789697,bL(R),bL(R),21232,29099,20798,21232,29097,20816,0.975,0.966369
441,5813078552,424789697,bL(R),bL(R),20644,29389,20298,20646,29373,20290,0.981,0.986539
442,5813078552,424789697,bL(R),bL(R),23605,28304,20333,23614,28301,20318,0.944,0.975768
443,5813078552,424789697,bL(R),bL(R),20511,29725,20570,20524,29731,20573,0.91,0.715702
444,5813078552,424789697,bL(R),bL(R),22251,28476,20316,22237,28471,20304,0.954,0.836556
445,5813078552,424789697,bL(R),bL(R),21242,29051,20642,21245,29066,20636,0.98,0.900413
446,5813078552,424789697,bL(R),bL(R),21540,28647,21040,21558,28642,21037,0.946,0.986852
447,5813078552,424789697,bL(R),bL(R),24133,28208,20313,24141,28209,20301,0.95,0.999053
448,5813078552,424789697,bL(R),bL(R),22677,29915,20242,22682,29902,20251,0.921,0.98006
449,5813078552,424789697,bL(R),bL(R),20848,29279,20320,20832,29268,20323,0.946,0.983178
450,5813078552,424767514,PED(R),PED(R),13374,27570,18047,13370,27569,18054,0.959,0.971399
451,5813078552,424767514,PED(R),PED(R),13087,26915,17966,13080,26912,17994,0.993,0.650893
452,5813078552,424767514,PED(R),PED(R),13133,27149,17985,13138,27167,17999,0.946,0.899712
453,5813078552,424767514,bL(R),bL(R),22251,28476,20316,22258,28458,20311,0.954,0.997577
454,5813078552,424767514,PED(R),PED(R),13336,27471,18050,13343,27461,18067,0.977,0.969764
455,5813078552,424767514,PED(R),PED(R),13128,26441,17978,13136,26455,17989,0.977,0.918459
456,5813078552,424767514,PED(R),PED(R),13120,27124,17948,13124,27102,17941,0.997,0.940999
457,5813078552,424754530,bL(R),bL(R),22084,28340,20471,22079,28341,20452,0.868,0.997216
458,5813078552,424754530,aL(R),aL(R),14974,30849,17623,14984,30863,17613,0.97,0.877147
459,5813078552,424754530,aL(R),aL(R),15465,31012,17515,15465,30996,17514,0.994,0.976752
460,5813078552,423774471,aL(R),aL(R),16308,29857,13368,16303,29843,13383,0.975,0.985609
461,5813078552,423774471,aL(R),aL(R),16481,28501,11838,16479,28528,11840,0.948,0.711859
462,5813078552,423382015,aL(R),aL(R),16451,29507,12622,16421,29507,12617,0.988,0.415324
463,5813078552,423382015,aL(R),aL(R),15748,27949,10540,15766,27927,10506,0.981,0.318932
464,5813078552,423382015,aL(R),aL(R),16469,29489,12530,16480,29498,12521,0.98,0.776414
465,5813078552,423382015,aL(R),aL(R),16527,28694,12034,16513,28710,12041,0.994,0.847716
466,5813078552,423382015,aL(R),aL(R),15845,29527,10502,15838,29516,10481,0.986,0.320754
467,5813078552,422725634,PED(R),PED(R),13374,27570,18047,13350,27591,18054,0.959,0.49378
468,5813078552,422725634,bL(R),bL(R),15656,32754,20343,15653,32735,20344,0.997,0.984429
469,5813078552,422725634,bL(R),bL(R),15626,32715,20279,15619,32692,20247,0.996,0.847138
470,5813078552,422725634,bL(R),bL(R),16144,32683,20822,16139,32673,20812,0.731,0.945992
471,5813078552,422725634,bL(R),bL(R),17324,31707,20844,17304,31708,20848,0.964,0.96696
472,5813078552,422725634,bL(R),bL(R),15728,32777,20480,15733,32765,20488,0.982,0.887278
473,5813078552,422725634,bL(R),bL(R),15301,32500,20132,15309,32494,20131,0.854,0.994361
474,5813078552,422725634,bL(R),bL(R),15543,32621,20306,15556,32600,20301,0.998,0.845686
475,5813078552,422725634,aL(R),aL(R),16168,30790,18812,16165,30780,18824,0.976,0.947056
476,5813078552,422725634,bL(R),bL(R),16230,32699,20961,16242,32704,20952,0.715,0.795055
477,5813078552,422725634,bL(R),bL(R),18027,31328,20236,18037,31338,20231,0.98,0.84161
478,5813078552,422725634,bL(R),bL(R),20269,29702,20312,20278,29707,20309,0.976,0.99423
479,5813078552,422725634,bL(R),bL(R),15051,32111,20092,15051,32092,20082,0.954,0.910459
480,5813078552,422725634,aL(R),aL(R),18081,28815,6372,18093,28816,6375,0.965,0.727896
481,5813078552,422725634,aL(R),aL(R),16138,30886,18801,16120,30892,18795,0.998,0.621114
482,5813078552,422725634,bL(R),bL(R),16000,32801,20607,16002,32803,20623,0.996,0.954988
483,5813078552,422725634,bL(R),bL(R),18113,31184,20137,18113,31193,20116,0.834,0.4773038
484,5813078552,422725634,bL(R),bL(R),18008,31256,20182,18003,31256,20169,0.791,0.977744
485,5813078552,422725634,bL(R),bL(R),16182,32727,20824,16197,32726,20819,0.86,0.923386
486,5813078552,422725634,bL(R),bL(R),15072,31913,20332,15082,31900,20328,0.973,0.984215
487,5813078552,394427392,bL(R),bL(R),21888,31116,19948,21888,31110,19932,0.885,0.803028
488,5813078552,394397189,bL(R),bL(R),15479,30826,20580,15462,30826,20576,0.98,0.914479
489,5813078552,394081878,aL(R),aL(R),15782,28201,5837,15801,28204,5836,0.831,0.99198
490,5813078552,394064790,CA(R),CA(R),13701,12302,11327,13701,12301,11338,0.878,0.989314
491,5813078552,394064790,SIP(R),SIP(R),16240,28067,11489,16230,28074,11489,0.84,0.98
492,5813078552,394060556,aL(R),aL(R),15994,29360,8829,15985,29350,8839,0.901,0.991795
493,5813078552,394060556,aL(R),aL(R),14379,31199,17988,14374,31190,17974,0.888,0.986995
494,5813078552,393766777,PED(R),PED(R),13086,26736,17893,13098,26741,17886,0.9,0.971216
495,5813078552,393766777,PED(R),PED(R),13336,27471,18050,13338,27474,18067,0.977,0.661995
496,5813078552,393766777,PED(R),PED(R),12983,23450,17340,12974,23445,17350,0.999,0.958973
497,5813078552,393766777,PED(R),PED(R),13041,22722,17153,13038,22697,17156,0.998,0.98341
498,5813078552,393766777,PED(R),PED(R),13128,26441,17978,13127,26466,17989,0.977,0.935908
499,5813078552,393387426,aL(R),aL(R),13818,30033,17850,13813,30048,17865,0.781,0.966552
500,5813078552,393387426,aL(R),aL(R),13527,29466,17858,13541,29474,17870,0.882,0.443427
501,5813078552,393387426,PED(R),PED(R),12983,23450,17340,12960,23434,17329,0.999,0.820593
502,5813078552,393387426,bL(R),bL(R),20511,29725,20570,20515,29734,20560,0.91,0.565291
503,5813078552,393387426,aL(R),aL(R),14120,30757,17734,14097,30785,17735,0.922,0.296502
504,5813078552,393387426,aL(R),aL(R),13405,28927,17849,13411,28927,17863,0.986,0.996527
505,5813078552,363030040,aL(R),aL(R),16046,28929,5893,16057,28901,5892,0.813,0.67047
506,5813078552,363030040,aL(R),aL(R),16045,30979,18725,16035,30992,18718,0.734,0.962734
507,5813078552,363030040,aL(R),aL(R),16180,27845,6804,16194,27857,6824,0.951,0.703246
508,5813078552,362701875,aL(R),aL(R),15998,28916,5900,15992,28928,5905,0.999,0.708827
509,5813078552,362701875,bL(R),bL(R),22489,28567,20338,22519,28571,20334,0.964,0.486943
510,5813078552,333035349,aL(R),aL(R),14962,30958,17653,14971,30941,17642,0.726,0.884569
511,5813078552,333035349,CA(R),CA(R),14642,12241,10102,14638,12254,10122,0.983,0.876946
512,5813078552,333031114,aL(R),aL(R),16864,29559,5813,16877,29575,5817,0.989,0.41205
513,5813078552,332340127,bL(R),bL(R),23605,28304,20333,23617,28289,20341,0.944,0.947545
514,5813078552,332340127,aL(R),aL(R),16864,29559,5813,16844,29565,5801,0.989,0.872439
515,5813078552,332340127,bL(R),bL(R),23623,28219,20277,23602,28217,20291,0.971,0.906495
516,5813078552,331662710,aL(R),aL(R),18170,28993,6146,18161,28970,6139,0.998,0.843944
517,5813078552,331662710,aL(R),aL(R),16180,27845,6804,16180,27864,6813,0.951,0.789463
518,5813078552,331662710,aL(R),aL(R),16068,27861,6866,16062,27846,6894,0.997,0.417726
519,5813078552,331662710,aL(R),aL(R),17950,28208,6394,17959,28201,6385,0.958,0.988297
520,5813078552,331662710,aL(R),aL(R),17436,27296,6412,17431,27292,6421,0.937,0.992333
521,5813078552,329435390,bL(R),bL(R),17488,31631,20699,17499,31640,20701,0.969,0.733681
522,5813078552,329435390,bL(R),bL(R),18027,31328,20236,18039,31322,20231,0.98,0.970004
523,5813078552,328546871,bL(R),bL(R),18755,30726,20032,18762,30739,20029,0.851,0.978002
524,5813078552,328546871,bL(R),bL(R),18113,31184,20137,18129,31181,20116,0.834,0.773466
525,5813078552,328546871,bL(R),bL(R),15728,32777,20480,15732,32777,20498,0.982,0.850472
526,5813078552,328546871,bL(R),bL(R),15543,32621,20306,15553,32610,20320,0.998,0.926298
527,5813078552,328253133,bL(R),bL(R),16212,32745,21014,16195,32746,21021,0.777,0.936239
528,5813078552,300972942,aL(R),aL(R),18170,28993,6146,18149,28999,6139,0.998,0.839859
529,5813078552,300972942,aL(R),aL(R),17436,27296,6412,17430,27313,6415,0.937,0.914586
530,5813078552,300972942,aL(R),aL(R),15782,28201,5837,15779,28202,5854,0.831,0.806729
531,5813078552,300972942,aL(R),aL(R),16410,29913,7033,16402,29932,7030,0.94,0.665737
532,5813078552,300972942,aL(R),aL(R),16841,29863,7100,16844,29869,7113,0.996,0.731894
533,5813078552,300972942,aL(R),aL(R),16062,27475,5862,16062,27459,5855,0.997,0.871607
534,5813078552,300972942,aL(R),aL(R),16234,27320,5792,16227,27326,5780,0.989,0.729439
535,5813078552,300972942,aL(R),aL(R),17038,29794,7002,17046,29802,7012,0.869,0.820466
536,5813078552,300972942,aL(R),aL(R),16356,27246,5818,16364,27244,5826,0.905,0.819613
537,5813078552,300972942,aL(R),aL(R),15874,28635,5918,15877,28647,5903,0.801,0.997832
538,5813078552,300972942,aL(R),aL(R),17950,28208,6394,17944,28221,6385,0.958,0.99149
539,5813078552,300972942,aL(R),aL(R),17554,27492,6578,17560,27480,6584,0.989,0.920817
540,5813078552,300972942,aL(R),aL(R),16907,27087,6461,16891,27095,6455,0.994,0.937818
541,5813078552,300972942,aL(R),aL(R),17224,27156,6285,17224,27156,6296,0.989,0.662805
542,5813078552,300972942,aL(R),aL(R),18159,28967,6189,18177,28967,6190,0.937,0.722911
543,5813078552,300972942,aL(R),aL(R),17721,29313,6694,17728,29308,6707,0.996,0.545218
544,5813078552,300972942,aL(R),aL(R),16693,29475,5841,16689,29482,5836,0.996,0.870975
545,5813078552,300972942,aL(R),aL(R),15875,28653,5961,15858,28659,5953,0.945,0.989975
546,5813078552,300972942,aL(R),aL(R),16754,29879,7136,16750,29875,7144,0.996,0.985766
547,5813078552,299613480,bL(R),bL(R),16236,30521,19835,16216,30512,19839,0.982,0.979141
548,5813078552,1640594274,CA(R),CA(R),14499,11214,12884,14493,11211,12886,0.852,0.378349
549,5813078552,1449670372,bL(R),bL(R),15543,32621,20306,15535,32605,20301,0.998,0.991944
550,5813078552,1449653141,bL(R),bL(R),22251,28476,20316,22260,28480,20304,0.954,0.998291
551,5813078552,1420966843,aL(R),aL(R),15994,29360,8829,15986,29373,8839,0.901,0.947182
552,5813078552,1420966843,aL(R),aL(R),16074,29420,9338,16054,29423,9341,0.969,0.967689
553,5813078552,1418639946,bL(R),bL(R),24133,28208,20313,24154,28220,20318,0.95,0.742749
554,5813078552,1418273110,aL(R),aL(R),16125,29440,9813,16141,29453,9815,0.947,0.979482
555,5813078552,1390942076,aL(R),aL(R),17224,27156,6285,17237,27160,6251,0.989,0.46022755
556,5813078552,1388585088,bL(R),bL(R),17324,31707,20844,17304,31693,20848,0.964,0.973933
557,5813078552,1388585088,bL(R),bL(R),17576,31556,20538,17551,31556,20531,0.979,0.588971
558,5813078552,1387575003,aL(R),aL(R),15754,30928,17869,15763,30936,17865,0.984,0.795207
559,5813078552,1359553384,bL(R),bL(R),15167,31426,20533,15174,31396,20524,0.983,0.568333
560,5813078552,1359553384,aL(R),aL(R),15108,30657,17484,15099,30647,17498,0.989,0.870637
561,5813078552,1359553384,aL(R),aL(R),16864,29559,5813,16861,29560,5801,0.989,0.998015
562,5813078552,1359553384,aL(R),aL(R),16527,28694,12034,16522,28706,12020,0.994,0.933888
563,5813078552,1359553384,aL(R),aL(R),15845,29527,10502,15837,29500,10494,0.986,0.57771
564,5813078552,1359212271,aL(R),aL(R),16750,29922,7025,16744,29918,7019,0.993,0.945018
565,5813078552,1359212271,aL(R),aL(R),16068,27861,6866,16076,27878,6867,0.997,0.81731
566,5813078552,1359212271,aL(R),aL(R),16180,27845,6804,16196,27843,6813,0.951,0.877832
567,5813078552,1328513713,bL(R),bL(R),18008,31256,20182,17989,31274,20178,0.791,0.807214
568,5813078552,1328505485,bL(R),bL(R),20670,30330,20925,20656,30337,20920,0.951,0.999212
569,5813078552,1328505485,aL(R),aL(R),15285,30534,17278,15302,30540,17272,0.99,0.916174
570,5813078552,1328505485,aL(R),aL(R),16108,30174,14475,16103,30165,14473,0.989,0.881045
571,5813078552,1327831994,bL(R),bL(R),18027,31328,20236,18025,31337,20223,0.98,0.865226
572,5813078552,1265420889,aL(R),aL(R),15754,30928,17869,15740,30948,17865,0.984,0.920267
573,5813078552,1265420889,aL(R),aL(R),15607,30996,17631,15601,30996,17646,0.881,0.941879
574,5813078552,1261989183,bL(R),bL(R),18113,31184,20137,18095,31182,20131,0.834,0.948732
575,5813078552,1261989183,PED(R),PED(R),13043,22940,17204,13054,22925,17205,0.999,0.739302
576,5813078552,1261989183,bL(R),bL(R),18008,31256,20182,18020,31250,20169,0.791,0.777326
577,5813078552,1261989183,PED(R),PED(R),13041,22722,17153,13053,22706,17156,0.998,0.642992
578,5813078552,1234386037,aL(R),aL(R),13650,29744,17853,13671,29748,17851,0.95,0.968512
579,5813078552,1234386037,aL(R),aL(R),15790,30181,15831,15790,30164,15814,0.956,0.869876
580,5813078552,1234386037,aL(R),aL(R),15799,30118,15724,15799,30107,15738,0.825,0.989745
581,5813078552,1234386037,aL(R),aL(R),13818,30033,17850,13830,30033,17865,0.781,0.920328
582,5813078552,1234386037,aL(R),aL(R),14368,31274,17915,14354,31274,17912,0.989,0.926587
583,5813078552,1234386037,aL(R),aL(R),15465,31012,17515,15453,31001,17514,0.994,0.984928
584,5813078552,1234386037,aL(R),aL(R),15615,30222,16594,15618,30203,16611,0.99,0.99302
585,5813078552,1234386037,aL(R),aL(R),14478,31122,17879,14485,31106,17885,0.953,0.760534
586,5813078552,1234386037,aL(R),aL(R),14120,30757,17734,14116,30764,17725,0.922,0.924888
587,5813078552,1234386037,aL(R),aL(R),14107,30678,17732,14121,30672,17731,0.868,0.872621
588,5813078552,1234386037,aL(R),aL(R),14148,30906,17720,14140,30896,17708,0.973,0.932176
589,5813078552,1234386037,aL(R),aL(R),14859,31022,17842,14843,31015,17875,0.98,0.48252
590,5813078552,1234386037,aL(R),aL(R),13766,29919,17856,13780,29911,17873,0.917,0.925992
591,5813078552,1234386037,aL(R),aL(R),15350,30489,17329,15364,30504,17352,0.983,0.658958
592,5813078552,1231299343,aL(R),aL(R),15607,30996,17631,15602,31007,17634,0.881,0.963866
593,5813078552,1203066401,bL(R),bL(R),22581,28568,20415,22564,28568,20430,0.822,0.952131
594,5813078552,1203066222,bL(R),bL(R),21365,28918,21040,21342,28916,21046,0.912,0.78728
595,5813078552,1173408617,CA(R),CA(R),13933,11346,12766,13950,11364,12779,0.963,0.669651
596,5813078552,1172372382,CA(R),CA(R),13933,11346,12766,13930,11338,12779,0.963,0.467968
597,5813078552,1172363878,CA(R),CA(R),14239,13181,11010,14233,13146,11029,0.999,0.45086652
598,5813078552,1170606692,aL(R),aL(R),16125,29440,9813,16110,29454,9815,0.947,0.963121
599,5813078552,1170606692,aL(R),aL(R),15994,29360,8829,16002,29380,8831,0.901,0.977374
600,5813078552,1170606692,bL(R),bL(R),22948,29615,20448,22966,29624,20465,0.976,0.515787
601,5813078552,1170606692,aL(R),aL(R),15672,29685,7794,15679,29692,7797,0.892,0.746784
602,5813078552,1141328881,bL(R),bL(R),22105,30833,20037,22103,30858,20050,0.951,0.628087
603,5813078552,1141328881,bL(R),bL(R),23444,28340,20331,23416,28333,20330,0.92,0.903919
604,5813078552,1141328881,bL(R),bL(R),20848,29279,20320,20832,29278,20307,0.946,0.789081
605,5813078552,1140996390,bL(R),bL(R),22105,30833,20037,22115,30835,20062,0.951,0.928736
606,5813078552,1140996390,bL(R),bL(R),22677,29915,20242,22666,29901,20237,0.921,0.987954
607,5813078552,1140603698,aL(R),aL(R),16469,29489,12530,16453,29478,12530,0.98,0.737392
608,5813078552,1140603698,aL(R),aL(R),15615,30222,16594,15602,30213,16619,0.99,0.867934
609,5813078552,1130687130,aL(R),aL(R),16125,29440,9813,16149,29442,9815,0.947,0.320302
610,5813078552,1130687130,PED(R),PED(R),13082,24321,17610,13092,24317,17623,0.972,0.715254
611,5813078552,1130687130,aL(R),aL(R),16074,29420,9338,16101,29412,9341,0.969,0.670014
612,5813078552,1130687130,aL(R),aL(R),15789,29741,7365,15776,29741,7351,0.99,0.857338
613,5813078552,1109568718,aL(R),aL(R),14478,31122,17879,14479,31122,17893,0.953,0.902923
614,5813078552,1108545599,aL(R),aL(R),17554,27492,6578,17548,27505,6584,0.989,0.997244
615,5813078552,1108545472,aL(R),aL(R),15672,29685,7794,15664,29692,7797,0.892,0.699186
616,5813078552,1108545472,aL(R),aL(R),14603,31062,17803,14589,31053,17815,0.978,0.992073
617,5813078552,1078875017,bL(R),bL(R),21533,31136,21147,21528,31151,21151,0.856,0.999079
618,5813078552,1078875017,bL(R),bL(R),21131,30930,21122,21126,30939,21138,0.812,0.981688
619,5813078552,1078875017,aL(R),aL(R),15697,30207,15729,15700,30219,15727,0.983,0.951934
